
{
    "dimension": "minecraft:the_nether",
    "increasingDistance": 75,
    "distanceFactor": 0.1,
    "increasingTime": 0,
    "timeFactor": 0.0,
    "heightDistance": 30,
    "heightFactor": 0.1,
    "maxFactorHealth": 11.0,
    "maxFactorDamage": 7.0,
    "maxFactorProtection": 3.5,
    "maxFactorSpeed": 1.5,
    "startingFactor": 4.0,
    "startingDistance": 0,
    "startingTime": 0,
    "startingHeight": 62,
    "positiveHeightIncreasion": true,
    "negativeHeightIncreasion": true
}